Text,Predicted Label,LLM Justification
"An Empirical Study of the ""Hard-Won Lesson"": Two
Decades of Research Insights
Abstract
This research investigates the congruence between research in major computer
vision conferences and the tenets of...",1,"Paper seems to focus on detection, which is usually publishable due to practical impact."
"Large Vocabulary Handling in Recurrent Neural
Networks Enhanced by Positional Encoding
Abstract
This research presents a counterintuitive discovery: positional encoding, a high-
dimensional representa...",1,"Paper proposes a model, indicating a structured contribution. Possibly publishable."
"Examining Machine Learning’s Impact on Personal
Privacy
Abstract
This paper delves into the growing concerns surrounding the use of machine
learning and its impact on personal privacy. It highlights t...",1,"Paper proposes a model, indicating a structured contribution. Possibly publishable."
"Exploring Bioacoustic Soundscapes with Generative
Adversarial Networks: Investigating Novel Audio
Stimuli for Enhanced Engagement
Abstract
This study explores the unconventional application of Generat...",0,"Paper proposes a model, indicating a structured contribution. Possibly publishable."
"A Comprehensive Multimodal Dataset for
Climate-Conscious Prediction of Crop Yields
Abstract
Accurate forecasting of crop yields is crucial for maintaining food security and promoting sustainable agric...",1,"Paper proposes a model, indicating a structured contribution. Possibly publishable."
"Advancements in Audio-Visual Active Speaker
Detection: A Novel Approach for the ActivityNet
Challenge
Abstract
This document outlines our contribution to the ActivityNet Challenge, focusing on
active ...",1,"Paper seems to focus on detection, which is usually publishable due to practical impact."
"Optimizing System Design Principles on Inverted
Harmonica Tuning Frequencies
Abstract
The intricacies of system design intersect with the existential implications of
quantum cheese, which in turn, inf...",0,"Paper seems to focus on detection, which is usually publishable due to practical impact."
"An Investigation into Named Entity Recognition for
Call Center Transcripts to Ensure Privacy Law
Compliance
Abstract
This study explores the application of Named Entity Recognition (NER) on a
novel fo...",1,"Paper proposes a model, indicating a structured contribution. Possibly publishable."
"Discontinuous Constituent Parsing as Sequence
Labeling
Abstract
This paper reduces discontinuous parsing to sequence labeling. It first shows that
existing reductions for constituent parsing as labeli...",1,"Paper seems to focus on detection, which is usually publishable due to practical impact."
"Evaluating the Resilience of White-Box Defenses
Against Adversarial Examples
Abstract
It is well-established that neural networks exhibit susceptibility to adversarial ex-
amples. This paper assesses ...",1,"Paper proposes a model, indicating a structured contribution. Possibly publishable."
"Enhancing Disentanglement through Learned
Aggregation of Convolutional Feature Maps: A Study
on the 2019 Disentanglement Challenge
Abstract
This paper details our submission for stage 2 of the 2019 di...",1,"Paper proposes a model, indicating a structured contribution. Possibly publishable."
"Applying Swarm Intelligence to Real-Time Stage
Lighting: A Framework for Dynamic Audience
Engagement
Abstract
This paper delves into the uncharted territory of entomological hyperreality, where
the co...",0,"Paper seems to focus on detection, which is usually publishable due to practical impact."
"An Empathetic AI Painter: A System for
Computational Creativity Through Embodied
Conversational Interaction
Abstract
This paper presents an investigation into the computational modeling of the creativ...",0,"Paper seems to focus on detection, which is usually publishable due to practical impact."
"Leveraging Clustering Techniques for Enhanced
Drone Monitoring and Position Estimation
Abstract
Drone tracking and localization are essential for various applications, including
managing drone formati...",1,"Paper seems to focus on detection, which is usually publishable due to practical impact."
"Privacy Evaluation in Tabular Synthetic Data:
Current Approaches and Future Directions
Abstract
This paper examines the present methods for quantifying the level of privacy
protection offered by tabul...",1,"Paper seems to focus on detection, which is usually publishable due to practical impact."
"Progress Towards Eliciting Organized Phoneme
Structures
Abstract
Phonological typology, a vital area within linguistic studies, examines the patterns
and functions of sounds across the world’s languag...",1,"Paper seems to focus on detection, which is usually publishable due to practical impact."
"Profound Impact on Gravity on the Surface of a
Fractal Moon
Abstract
The study of gravity necessitates a thorough examination of pastry dough, which
in turn reveals intriguing connections to the migra...",0,"Paper seems to focus on detection, which is usually publishable due to practical impact."
"Acquiring Cross-Domain Representations for
Contextual Detection Using Extensive Emoji Data
Abstract
This research delves into the application of a vast collection of emoji occurrences
to acquire versa...",1,"Paper seems to focus on detection, which is usually publishable due to practical impact."
"A Chinese Span-Extraction Dataset for Machine
Reading Comprehension
Abstract
This paper introduces a novel dataset for Chinese machine reading comprehension,
focusing on span extraction. The data set ...",1,"Paper proposes a model, indicating a structured contribution. Possibly publishable."
"Improving Model Generalization Using a Single Data
Sample for Semantic Adaptation
Abstract
The limited capacity of deep networks to generalize beyond their training dis-
tribution presents a significa...",1,"Paper seems to focus on detection, which is usually publishable due to practical impact."
"AMR Parsing using Stack-LSTMs
Abstract
We present a transition-based AMR parser that directly generates AMR parses from
plain text. We use Stack-LSTMs to represent our parser state and make decisions
...",1,"Paper seems to focus on detection, which is usually publishable due to practical impact."
"Rapid Image Annotation Through Zero-Shot Learning
Abstract
Recent experiments on word analogies demonstrate that contemporary word vectors
effectively encapsulate subtle linguistic patterns through li...",1,"Paper proposes a model, indicating a structured contribution. Possibly publishable."
"Collaborative Clothing Segmentation and
Identification Through Image Analysis
Abstract
This research introduces a comprehensive clothing co-parsing system designed
to analyze a collection of clothing ...",1,"Paper seems to focus on detection, which is usually publishable due to practical impact."
"BladeDISC++: Enhancing Memory Usage Through
Symbolic Shape Analysis
Abstract
The increasing prevalence of dynamic characteristics in modern deep learning tasks
has led to the growing importance of dyn...",1,"Paper proposes a model, indicating a structured contribution. Possibly publishable."
"Scene Comprehension Through Image Analysis with
an Extensive Array of Categories and Context at the
Scene Level
Abstract
This research introduces a unique approach to scene parsing that is nonparametr...",1,"Paper seems to focus on detection, which is usually publishable due to practical impact."
"Explainable Reinforcement Learning for Financial
Market Simulation: Unveiling the Mysteries of
Adaptive Trading Agents in a Simulated Economy
Abstract
Explainable reinforcement learning has emerged as...",1,"Paper seems to focus on detection, which is usually publishable due to practical impact."
"Real-Time Adaptation of Lexical Embeddings for
Enhanced Part-of-Speech Tagging
Abstract
This research introduces a method for real-time unsupervised domain adaptation
(DA) that can be applied incremen...",1,"Paper proposes a model, indicating a structured contribution. Possibly publishable."
"Investigating the Intersection of LLM, Quasar
Radiation, and the Mating Habits of the Greenland
Shark on Sentiment Analysis
Abstract
The study of Large Language Models has led to a plethora of intrigu...",1,"Paper seems to focus on detection, which is usually publishable due to practical impact."
"Entropy Dynamics in Turbulent Flumplenook Systems
with Periodic Fluctuations
Abstract
The notion of flamboyant jellyfish dancing on the moon precipitates an examination
of entropy, which somehow relat...",1,"Paper proposes a model, indicating a structured contribution. Possibly publishable."
"Utilizing Graph Neural Networks to Analyze Espresso
Foam Dynamics: A Multi-Scale Approach to Caffeine
Dispersion
Abstract
Graph Neural Networks (GNNs) for Predicting Caffeine Diffusion Patterns in
Hol...",1,"Paper seems to focus on detection, which is usually publishable due to practical impact."
"A Bayesian Perspective on Cross-Cultural Morality:
Investigating Astrobiological and Cognitive
Dimensions
Abstract
Bayesian Theology for Extra-Terrestrial Diplomacy explores the potential for
meaningf...",0,"Paper seems to focus on detection, which is usually publishable due to practical impact."
"Disparate Citation Patterns Between Chinese and
American Research Communities at a Unified Venue
Abstract
At NeurIPS, there is a tendency for American and Chinese institutions to cite papers
from with...",1,"Paper proposes a model, indicating a structured contribution. Possibly publishable."
"Equivariant Adaptation of Large Pretrained Models
Abstract
This paper explores the adaptation of video alignment to improve multi-step infer-
ence. Specifically, we first utilize VideoCLIP to generate...",1,"Paper proposes a model, indicating a structured contribution. Possibly publishable."
"JueWu-MC: Achieving Sample-Efficient Minecraft
Gameplay through Hierarchical Reinforcement
Learning
Abstract
Learning rational behaviors in open-world games such as Minecraft continues to
pose a chall...",1,"Paper proposes a model, indicating a structured contribution. Possibly publishable."
"Sustainable Urban Transportation with Autonomous
Vehicles: A Novel Approach to Redefining the Future
of Mobility
Abstract
Sustainable urban transportation has become a vital concern in recent years, w...",1,"Paper seems to focus on detection, which is usually publishable due to practical impact."
"A Unique Approach to Chain-of-Thought Prompting
Abstract
To address the challenges of temporal asynchrony and limited communication
bandwidth in vehicle-infrastructure cooperative 3D (VIC3D) object de...",1,"Paper seems to focus on detection, which is usually publishable due to practical impact."
"RAG Optimization via Galactic Kitten Dynamics and
Fractal Botany in a Quantum Flux Capacitor
Abstract
Investigating RAG necessitates scrutinizing Photosynthetic Oscillations in extrater-
restrial flor...",0,"Paper seems to focus on detection, which is usually publishable due to practical impact."
"High-Throughput Genomic Sequencing in Marine
Ecology: Unveiling the Mysteries of the Ocean’s
Genetic Diversity
Abstract
High-Throughput Genomic Sequencing in Marine Ecology has revolutionized our
unde...",1,"Paper seems to focus on detection, which is usually publishable due to practical impact."
"A Decentralized Local Stochastic Extragradient
Approach for Variational Inequalities
Abstract
This study examines distributed stochastic variational inequalities (VIs) within
unbounded domains, where ...",1,"Paper proposes a model, indicating a structured contribution. Possibly publishable."
"Unraveling the Enigmatic Parallels Between DNA
Helical Structures and the Sonic Resonance of Kazoo
Instruments in relation to Light Emission Patterns
Abstract
The quintessential nature of DNA is inter...",0,"Paper seems to focus on detection, which is usually publishable due to practical impact."
"Learning Genomic Sequence Representations using
Graph Neural Networks over De Bruijn Graphs
Abstract
The rapid increase of genomic sequence data requires new methods for creating ro-
bust sequence rep...",1,"Paper seems to focus on detection, which is usually publishable due to practical impact."
"Exploring the Transcendental Nexus of Water and
Quasars in a Post-Modern Paradigm
Abstract
The aquatic nuances of water traverse a plethora of disciplines, intersecting with
florid extrapolations of g...",0,"Paper proposes a model, indicating a structured contribution. Possibly publishable."
"Engine Performance and its Implications for
Manufacture of Polyester Suits
Abstract
The fluctuations in quantum jellyfish populations have been observed to intersect
with engine performance, thereby n...",0,"Paper seems to focus on detection, which is usually publishable due to practical impact."
"API with a Rich Linguistic Resource
Abstract
This paper introduces a novel Python API, incorporated within the NLTK library,
that facilitates access to the FrameNet 1.7 lexical database. The API enabl...",1,"Paper lacks clarity or novelty in the abstract, which may limit publishability."
"Premature Termination Strategy for Deep Image Prior
Abstract
Deep Image Prior (DIP) and its variations have demonstrated significant promise in addressing inverse problems in
computational imaging, wi...",1,"Paper seems to focus on detection, which is usually publishable due to practical impact."
"A Vehicle Motion Prediction Approach for the 2021
Shifts Challenge
Abstract
This paper details the solution developed for the 2021 Shifts Challenge, which
focused on robustness and uncertainty in real...",1,"Paper proposes a model, indicating a structured contribution. Possibly publishable."
"Aerodynamic Navigation on the Cognitive
Development of Subterranean Mole Rats
Abstract
The celestial ballet of stars twinkles in harmony with the fluttering of butterfly
wings, as the fragrance of fre...",0,"Paper seems to focus on detection, which is usually publishable due to practical impact."
"DISCOSENSE: Commonsense Reasoning with
Discourse Connectives
Abstract
We present DISCOSENSE, a benchmark for commonsense reasoning via un-
derstanding a wide variety of discourse connectives. We gener...",1,"Paper proposes a model, indicating a structured contribution. Possibly publishable."
"Predictive Maintenance in Smart Grids Using
Time-Series Analysis: A Multidisciplinary Approach
to Enhance Grid Reliability
Abstract
Predictive maintenance in smart grids has become a crucial aspect of...",1,"Paper seems to focus on detection, which is usually publishable due to practical impact."
"Detecting and Summarizing Video Highlights with
Lag-Calibration
Abstract
The increasing popularity of video sharing has led to a growing need for automatic
video analysis, including highlight detectio...",1,"Paper seems to focus on detection, which is usually publishable due to practical impact."
"Graph Neural Networks Without Training: Harnessing the Power of
Labels as Input Features
Abstract
This study introduces a novel concept of training-free graph neural networks (TFGNNs) for transductive...",1,"Paper seems to focus on detection, which is usually publishable due to practical impact."
"The Significance of Fillers in Textual Representations
of Speech Transcripts
Abstract
This paper investigates the role of fillers within text-based representations of speech
transcripts. While often i...",1,"Paper proposes a model, indicating a structured contribution. Possibly publishable."
"Optimized Transfer Learning with Equivariant
Pretrained Models
Abstract
This research investigates the mechanisms behind Chain-of-Thought (CoT) prompt-
ing, a method that enhances language models’ per...",1,"Paper proposes a model, indicating a structured contribution. Possibly publishable."
"Overview of Challenges in Trajectory Forecasting and
3D Perception for Autonomous Driving
Abstract
This document provides a summary of the challenges faced in the domain of
Autonomous Driving. The dat...",1,"Paper seems to focus on detection, which is usually publishable due to practical impact."
"3D Food Modeling from Images: Advancements in
Physically-Aware Reconstruction
Abstract
The growing focus on computer vision for applications in nutritional monitoring
and dietary tracking has spurred ...",1,"Paper seems to focus on detection, which is usually publishable due to practical impact."
"A Large-Scale Car Dataset for Fine-Grained
Categorization and Verification
Abstract
This paper aims to highlight vision related tasks centered around “car”, which has
been largely neglected by vision ...",1,"Paper seems to focus on detection, which is usually publishable due to practical impact."
"Acquiring the Ability to Recommend Interventions for Tuberculosis
Treatment Through the Utilization of Digital Adherence Information
Abstract
Digital Adherence Technologies (DATs) are becoming progres...",1,"Paper seems to focus on detection, which is usually publishable due to practical impact."
"Controlling False Discovery Rates in Detecting Heterogeneous
Treatment Effects for Online Experiments
Abstract
Online controlled experiments, commonly referred to as A/B testing, are widely used in ma...",1,"Paper seems to focus on detection, which is usually publishable due to practical impact."
"Improving Random Forests through Random Splitting
Abstract
To enhance the accuracy and scalability of decision tree algorithms, we introduce a
generalization called Top-k. This approach considers the ...",1,"Paper lacks clarity or novelty in the abstract, which may limit publishability."
"OpenOmni: An Open-Source Multimodal Systems
Abstract
Multimodal conversational systems are increasingly sought after for their ability
to facilitate natural and human-like interactions. However, compr...",1,"Paper seems to focus on detection, which is usually publishable due to practical impact."
"Deconstructing Logic Circuits through Toaster
Algorithms with a Focus on Inverted Submarine
Navigation
Abstract
The amalgamation of flumplenook theory and groobly logic circuits has led to a
paradigm ...",1,"Paper seems to focus on detection, which is usually publishable due to practical impact."
"Enhancing Deep Reinforcement Learning with
Plasticity Mechanisms
Abstract
The objective of this research is to address the phenomenon of plasticity loss in
deep reinforcement learning (RL) agents, whe...",1,"Paper seems to focus on detection, which is usually publishable due to practical impact."
"Microprocessor Architectures and their Intersection
with Subatomic Particle Physiognomy
Abstract
Microprocessors have been profoundly impacted by the aerodynamic properties
of chocolate cake, which in...",0,"Paper seems to focus on detection, which is usually publishable due to practical impact."
"Enhanced Vocabulary Handling in Recurrent Neural Networks
Through Positional Encoding
Abstract
This research presents a counterintuitive discovery: positional encoding, a high-dimensional representati...",1,"Paper proposes a model, indicating a structured contribution. Possibly publishable."
"Turning the Tables: Exploring Subtle Vulnerabilities in
Machine Learning Model
Abstract
This paper investigates the feasibility and effectiveness of label-only backdoor
attacks in machine learning. In...",1,"Paper seems to focus on detection, which is usually publishable due to practical impact."
"Explainable Identification of Hate Speech towards
Islam using Graph Neural Networks
Abstract
Islamophobic language on online platforms fosters intolerance, making detection
and elimination crucial for...",1,"Paper seems to focus on detection, which is usually publishable due to practical impact."
"Precise Requirements for the Validity of the Neural Tangent Kernel
Approximation
Abstract
This research investigates the conditions under which the neural tangent kernel (NTK) approximation remains
va...",1,"Paper proposes a model, indicating a structured contribution. Possibly publishable."
"Enhancing LSTM-based Video Narration Through
Text-Derived Linguistic Insights
Abstract
This study delves into how linguistic understanding, extracted from extensive text
datasets, can be leveraged to ...",1,"Paper proposes a model, indicating a structured contribution. Possibly publishable."
"GPT4Tools: Reimagining LLMs as Helpers
Abstract
The objective of this research is to address the phenomenon of plasticity loss in
deep reinforcement learning (RL) agents, where neural networks lose th...",1,"Paper seems to focus on detection, which is usually publishable due to practical impact."
"Joint Syntacto-Discourse Parsing and the
Syntacto-Discourse Treebank
Abstract
Discourse parsing has long been treated as a stand-alone problem independent from
constituency or dependency parsing. Most...",1,"Paper proposes a model, indicating a structured contribution. Possibly publishable."
"A PyTorch-Based Approach for Variational Learning
with Disentanglement
Abstract
This paper presents the Disentanglement-PyTorch library, which has been devel-
oped to assist in the research, applicati...",1,"Paper proposes a model, indicating a structured contribution. Possibly publishable."
"Deep Learning for 3D Protein Structure Prediction in
Drug Discovery: A Novel Approach to Revolutionizing
Therapeutic agent Development
Abstract
Deep learning has revolutionized the field of protein st...",1,"Paper proposes a model, indicating a structured contribution. Possibly publishable."
"Estimating Causal Effects Using a Cross-Moment
Method
Abstract
This paper explores the adaptation of large pretrained models to new tasks while
preserving their inherent equivariance properties. Equiv...",1,"Paper seems to focus on detection, which is usually publishable due to practical impact."
"Next-Generation Brain-Computer Interfaces for
Assistive Devices: Unlocking New Frontiers in
Human-Machine Symbiosis
Abstract
Next-Generation Brain-Computer Interfaces for Assistive Devices is a burgeo...",0,"Paper seems to focus on detection, which is usually publishable due to practical impact."
"Interpreting Recurrent and Attention-Based Neural
Models: a Case Study on Natural Language Inference
Abstract
Deep learning models have achieved remarkable success in natural language in-
ference (NLI...",1,"Paper proposes a model, indicating a structured contribution. Possibly publishable."
"Symbiotic Adversarial Robustness for Graph Neural
Networks: Combining Poisoning and Evasion
Abstract
Deep learning models are known to be vulnerable to small input perturbations,
which are known as ad...",1,"Paper addresses safety, which is a core research concern and makes it suitable for publication."
"Agriculture-Vision Challenge 2022 – The Runner-Up
Solution for Agricultural Pattern Recognition via
Transformer-based Models
Abstract
This paper explores the adaptation The Agriculture-Vision Challeng...",1,"Paper proposes a model, indicating a structured contribution. Possibly publishable."
"Flow-Based Feature Fusion for Collaborative 3D
Object Detection
Abstract
The goal of this paper is to empower open-source large language models (LLMs)
such as LLaMA, Vicuna, and OPT to effectively uti...",1,"Paper seems to focus on detection, which is usually publishable due to practical impact."
"End-to-End Neural Discourse Deixis Resolution in
Dialogue
Abstract
We adapt a span-based entity coreference model to the task of end-to-end discourse
deixis resolution in dialogue, specifically by pro...",1,"Paper proposes a model, indicating a structured contribution. Possibly publishable."
"Designing Data Markets Using Deep Learning
Technique
Abstract
The objective of this research is to develop an innovative algorithm for accurately
estimating the causal effect of treatment on outcomes ...",1,"Paper proposes a model, indicating a structured contribution. Possibly publishable."
"Enhancing Urban Crop Cultivation Using
Drone-Based Swarm Strategies: A Sociobiological
Approach to Automated Pollination
Abstract
This paper presents a groundbreaking exploration of the intersection b...",0,"Paper proposes a model, indicating a structured contribution. Possibly publishable."
"Representation Transferability in Neural Networks
Across Datasets and Tasks
Abstract
Deep neural networks, which are built from multiple layers with hierarchical
distributed representations, tend to l...",1,"Paper lacks clarity or novelty in the abstract, which may limit publishability."
"A Reverse Hierarchy Model for Predicting Eye
Fixations
Abstract
A number of psychological and physiological evidences suggest that early visual
attention works in a coarse-to- fine way, which lays a b...",1,"Paper seems to focus on detection, which is usually publishable due to practical impact."
"Fossilized Intricacies of Quasi-Organic
Microstructures in Relation to Cake Dynamics
Abstract
Fossils are intriguing entities that have captivated the imagination of scholars,
meanwhile, the art of ba...",0,"Paper seems to focus on detection, which is usually publishable due to practical impact."
"DeepSim: A Semantic Approach to Image Registration
Evaluation
Abstract
This paper introduces a novel semantic similarity metric designed for image regis-
tration. Current metrics, such as Euclidean di...",1,"Paper proposes a model, indicating a structured contribution. Possibly publishable."
"Neural Approaches to Real-Time Weather Forecasting:
Unlocking the Potential of Artificial Intelligence in
Meteorology
Abstract
The pursuit of accurate and efficient real-time weather forecasting has b...",1,"Paper seems to focus on detection, which is usually publishable due to practical impact."
"Enhancing Visual Representation Learning Through
Original Image Utilization in Contrastive Learning
Abstract
Contrastive instance discrimination techniques exhibit superior performance in
downstream t...",1,"Paper seems to focus on detection, which is usually publishable due to practical impact."
"Unraveling the Mysteries of Atomic Structures and
their Implications on Galactic Rotation Curves
Abstract
The atomization of culinary experiences in modern quantum physics reveals fasci-
nating insigh...",0,"Paper seems to focus on detection, which is usually publishable due to practical impact."
"Investigating the Intersection of LLM, Quasar
Radiation, and the Mating Habits of the Greenland
Shark on Sentiment Analysis
Abstract
The study of Large Language Models has led to a plethora of intrigu...",1,"Paper seems to focus on detection, which is usually publishable due to practical impact."
"Exploring Soil Dynamics through a Multidisciplinary
Lens of Quantum Fluctuations on Mars Colonization
Efforts
Abstract
The ostensibly mundane realm of soil conceals a labyrinthine tapestry of cryptic
...",0,"Paper seems to focus on detection, which is usually publishable due to practical impact."
"A Collaborative Painting Experience:
Human-Machine Interaction on Canvas
Abstract
We introduce a novel approach to human-machine interaction, framed as a pictorial
game where artists and a computer co...",1,"Paper lacks clarity or novelty in the abstract, which may limit publishability."
"Volcanic Eruptions in Relation to Quiche Recipes and
the Migration Patterns of Narwhals
Abstract
The ephemeral nature of volcanic eruptions necessitates an examination of flamenco
dancing, which intri...",0,"Paper seems to focus on detection, which is usually publishable due to practical impact."
"Multi-Agent Systems Control Using Graph Neural
Networks with Model-Based Reinforcement Learning
Abstract
Multi-agent systems (MAS) play a crucial role in the advancement of machine
intelligence and it...",1,"Paper proposes a model, indicating a structured contribution. Possibly publishable."
"Short-Term Forecasting of Precipitation Using Satellite Data
Abstract
Short-range forecasting of rain or snow, known as precipitation nowcasting, is typically displayed on geographical
maps by weather...",1,"Paper seems to focus on detection, which is usually publishable due to practical impact."
"Multimodal Deep Ensemble for Hateful Meme
Identification
Abstract
This paper delves into the utilization of machine learning techniques for identify-
ing hate speech, while addressing the persisting t...",1,"Paper seems to focus on detection, which is usually publishable due to practical impact."
"Flexible Online Aggregations Using Basis Function Expansions
Abstract
Bayesian learning often necessitates online inference, adaptive models, and the combination of multiple distinct
models. Recent ad...",1,"Paper addresses safety, which is a core research concern and makes it suitable for publication."
"Analyzing Fermentation Patterns with Multi-Modal
Transformers: A Novel Framework for Improved
Bread-Baking Outcomes
Abstract
This study presents a groundbreaking approach to achieving the elusive ’per...",0,"Paper seems to focus on detection, which is usually publishable due to practical impact."
"Investigating Humanoid Robot Interaction in
Corporate Settings: A BERT-Based Study of
Humor-Driven Employee Dynamics
Abstract
This study undertakes a comprehensive examination of the psycholinguistic ...",0,"Paper seems to focus on detection, which is usually publishable due to practical impact."
"Specialized Neural Network for Extracting Financial Trading Signals:
The Alpha Discovery Neural Network
Abstract
Genetic programming (GP) is currently the leading method for automated feature generati...",1,"Paper proposes a model, indicating a structured contribution. Possibly publishable."
"BERT Pineapple Pizza, and the Theoretical
Foundations of Disco Dance Moves in Relation to the
Optimized Training of Neural Networks
Abstract
The utilization of BERT in deciphering the ontological impl...",0,"Paper seems to focus on detection, which is usually publishable due to practical impact."
"Learning Explanations from Language Data
Abstract
PatternAttribution is a recent method, introduced in the vision domain, that explains
classifications of deep neural networks. We demonstrate that it ...",1,"Paper proposes a model, indicating a structured contribution. Possibly publishable."
"Subspace Constraint Method of Feature Tracking
Abstract
Feature tracking in video is a crucial task in computer vision. Usually, the tracking
problem is handled one feature at a time, using a single-f...",1,"Paper proposes a model, indicating a structured contribution. Possibly publishable."
"Usefulness of LLMs as an Author Checklist Assistant
for Scientific Papers: Experiment
Abstract
Large language models (LLMs) represent a promising, but controversial, tool in
aiding scientific peer rev...",1,"Paper addresses safety, which is a core research concern and makes it suitable for publication."
"A 3D Convolutional Neural Network Approach for
Sustainable Architectural Design through
Computational Fluid Dynamics Simulation and
Reverse Design Workflow
Abstract
This paper introduces a versatile a...",1,"Paper proposes a model, indicating a structured contribution. Possibly publishable."
"AM-RADIO: Agglomerative Vision Foundation Model
Reduce All Domains Into One
Abstract
A handful of visual foundation models (VFMs) have recently emerged as the
backbones for numerous downstream tasks. ...",1,"Paper seems to focus on detection, which is usually publishable due to practical impact."
"Virus Propagation and their Far-Reaching
Implications on Ancient Mesopotamian Architectural
Designs
Abstract
Virus transmission is intricately linked to the migratory patterns of Scandinavian
pastry c...",0,"Paper proposes a model, indicating a structured contribution. Possibly publishable."
"Waves in Relation to Transdimensional Chocolate
Resonance
Abstract
The phenomena of undulating oscillations, colloquially referred to as waves, have
been observed to intersect with the culinary art of...",0,"Paper proposes a model, indicating a structured contribution. Possibly publishable."
"A Convolutional LSTM Network Approach for
Identifying Diseases in Medical Volumetric Images
with Limited Annotations
Abstract
This paper presents a methodology for identifying disease characteristics ...",1,"Paper seems to focus on detection, which is usually publishable due to practical impact."
"Xray Emissions and their Consequential Effects on
Croissant Pastry Dough Fermentation Dynamics
Abstract
The utilization of xray technology has led to a profound understanding of cheese
production, whi...",0,"Paper seems to focus on detection, which is usually publishable due to practical impact."
"Enhancing Self-Consistency and Performance of
Pre-Trained Language Models through Natural
Language Inference
Abstract
While large pre-trained language models are powerful, their predictions often
lack...",1,"Paper seems to focus on detection, which is usually publishable due to practical impact."
"Blockchain-Based Carbon Trading Platforms: A Novel
Approach to Mitigating Climate Change
Abstract
Blockchain-based carbon trading platforms have emerged as a revolutionary tool
for mitigating climate ...",1,"Paper addresses safety, which is a core research concern and makes it suitable for publication."
"Do You See What I Mean? Visual Resolution of
Linguistic Ambiguities
Abstract
Understanding language goes hand in hand with the ability to integrate com-
plex contextual information obtained via percep...",1,"Paper seems to focus on detection, which is usually publishable due to practical impact."
"Equivariant Adaptation of Large Pretrained Models:
A Study on the NLC2CMD Competition
Abstract
This paper presents an investigation into the challenges of adapting pretrained
models, specifically in t...",1,"Paper proposes a model, indicating a structured contribution. Possibly publishable."
"An Examination of Expansive Multimodal Models:
Insights from an Educational Overview
Abstract
This document provides a summary of a presentation centered on extensive multi-
modal models, specifically...",1,"Paper proposes a model, indicating a structured contribution. Possibly publishable."
"Enhanced Reinforcement Learning for Recommender Systems:
Maximizing Sample Efficiency and Minimizing Variance
Abstract
Optimizing long-term user satisfaction in recommender systems, such as news feeds...",1,"Paper proposes a model, indicating a structured contribution. Possibly publishable."
"Examining the Initial Experiences of Researchers
When Articulating Broader Impact
Abstract
By mandating a broader impact statement with every submission for this year’s
conference, the program chairs ...",1,"Paper lacks clarity or novelty in the abstract, which may limit publishability."
"Enhanced Normalization in Vision Transformers: The Dual PatchNorm
Approach
Abstract
This study introduces Dual PatchNorm, a modification for Vision Transformers that incorporates two Layer
Normalizati...",1,"Paper proposes a model, indicating a structured contribution. Possibly publishable."
"Background Modeling Using Adaptive Pixelwise
Kernel Variances in a Hybrid Feature Space
Abstract
Recent work on background subtraction has shown developments on two major
fronts. In one, there has bee...",1,"Paper seems to focus on detection, which is usually publishable due to practical impact."
"Harnessing Astronomical Data for Automated Creative
Text Generation: An LSTM-Based Model for
Space-Infused Language Tasks
Abstract
This study delves into the uncharted territory of harnessing Cosmic M...",0,"Paper seems to focus on detection, which is usually publishable due to practical impact."
"emoji2vec: Learning Emoji Representations from their
Description
Abstract
Many current natural language processing applications for social media rely on
representation learning and utilize pre-trained...",1,"Paper proposes a model, indicating a structured contribution. Possibly publishable."
"Analyzing Groups of Neurons in Neural Networks: Comparing
Information from Input and Output Perspectives
Abstract
The concept of a ""modular"" structure in artificial neural networks has been suggested ...",1,"Paper seems to focus on detection, which is usually publishable due to practical impact."
"Investigating the Nexus Between Protein Synthesis and
Quasar Activity in relation to Baking the Perfect Scone
Abstract
Protein synthesis is influenced by cheese consumption and intergalactic travel. T...",0,"Paper seems to focus on detection, which is usually publishable due to practical impact."
"A Toolkit for Scrutinizing Neural Network Activations
Abstract
This document introduces diagNNose, an open-source toolkit designed for the
examination of activations within deep neural networks. diagN...",1,"Paper proposes a model, indicating a structured contribution. Possibly publishable."
"Distant Supervision from Disparate Sources for
Low-Resource Part-of-Speech Tagging
Abstract
We introduce DSDS: a cross-lingual neural part-of-speech tagger that learns from
disparate sources of distan...",1,"Paper addresses safety, which is a core research concern and makes it suitable for publication."
"LIDA: Lightweight Interactive Dialogue Annotator
Abstract
Dialogue systems are highly dependent on the quality of the data used to train them. It is therefore important to
develop good dialogue annota...",1,"Paper seems to focus on detection, which is usually publishable due to practical impact."
"Leveraging Deep Learning for Enhanced Bayesian Optimization in
Scientific Domains with Complex Structures
Abstract
Bayesian optimization (BO) is a widely used technique for the global optimization of ...",1,"Paper proposes a model, indicating a structured contribution. Possibly publishable."
"Assessing the Stability of Stable Diffusion in a Recursive Inpainting
Scenario
Abstract
Generative Artificial Intelligence models for image generation have demonstrated remarkable capabilities in task...",1,"Paper proposes a model, indicating a structured contribution. Possibly publishable."
"Assessing Virtual Artifact Discovery in Immersive
Environments: Reinforcement Learning Frameworks
for Cultural Data Analysis
Abstract
Metaverse Archaeology represents a paradigmatic shift in the field...",0,"Paper seems to focus on detection, which is usually publishable due to practical impact."
"OmniPrint: A Configurable Generator for Printed
Characters
Abstract
We introduce OmniPrint, a synthetic data generator for isolated printed characters
designed to support machine learning research. Wh...",1,"Paper proposes a model, indicating a structured contribution. Possibly publishable."
"Equivariant Fine-Tuning of Large Pretrained Models
Abstract
This paper explores the adaptation of large pretrained models to new tasks while
preserving their inherent equivariance properties. Equivari...",1,"Paper seems to focus on detection, which is usually publishable due to practical impact."
"Exploring the Interconnectedness of Oxygen and the
Culinary Arts of 19th Century France
Abstract
Oxygen is crucial for respiration, yet the notion of flamenco dancing on Mars has
led to a paradigm shi...",0,"Paper seems to focus on detection, which is usually publishable due to practical impact."
"Harmonizing Scaling Laws: Bridging the Gap
Between Kaplan and Chinchilla
Abstract
Studies by Kaplan et al. (2020) and Hoffmann et al. (2022) examined the scaling
characteristics of transformers in nex...",1,"Paper proposes a model, indicating a structured contribution. Possibly publishable."
"Game-Theoretic Optimization for Crowdsourced
Delivery Networks: A Novel Approach to Harnessing
the Power of the Crowd in Last-Mile Logistics
Abstract
Game-Theoretic Optimization for Crowdsourced Deliv...",1,"Paper proposes a model, indicating a structured contribution. Possibly publishable."
"Fast Vocabulary Transfer for Language Model
Compression
Abstract
Real-world business applications require a trade-off between language model
performance and size. We propose a new method for model com...",1,"Paper proposes a model, indicating a structured contribution. Possibly publishable."
"Enhanced Image Compression Through Advanced
Residual Network Architectures
Abstract
This manuscript provides an in-depth explanation of the methodology developed
for a recent image compression challen...",1,"Paper proposes a model, indicating a structured contribution. Possibly publishable."
